{
  "n": 3,
  "search": {
    "top_k": 5,
    "hit@k": 1.0,
    "mrr@k": 0.8333333333333334,
    "latency_ms": {
      "p50": 109.32440000760835,
      "p95": 120.37729999719886
    }
  },
  "explain": {
    "must_any_acc": 0.6666666666666666,
    "latency_ms": {
      "p50": 7393.249799992191,
      "p95": 12442.180139999255
    },
    "avg_tokens": {
      "prompt": 985.3333333333334,
      "completion": 214.33333333333334,
      "total": 1199.6666666666667
    }
  }
}